order_id,user_id,category,price,quantity,order_time
500016,10126,Beauty,22.990245935643845,1.0,2025-10-02T11:48
500147,10091,Clothing ,22.242999216263197,5.0,2025-12-21T07:07
500542,10091,Clothing,34.8707258041647,2.0,2025-11-18T05:04
500448,10093,SPORTS,17.784697323240557,2.0,2025-10-01T16:57
500110,20008, Clothing,,5.0,2025-11-29T04:27
500722,10004,Clothing ,,5.0,2025-12-23T16:11
500173,10077,clothing ,16.2376269845259,3.0,2025-10-07T21:14
500689,10127,clothing ,7.480201922569963,4.0,2025-12-28T00:16
500021,10164,food,27.85870048125756,5.0,2025-10-31T05:37
500274,10168,beauty,10.291992937118177,4.0,2025-12-01T15:58
500258,10115,books ,15.017459430104294,4.0,2025-12-19T13:43
500559,10176,electronics,37.80437957543968,5.0,2025-10-01T08:26
500366,10108,clothing,25.27480096937076,1.0,2025-11-27T23:16
500602,10126,Electronics,33.339487851765064,5.0,2025-12-23T11:18
500412,10048,CLOTHING ,,3.0,2025-11-16T10:44
500440,10171,beauty,19.503776376697697,1.0,2025-10-18T17:26
500214,10037,ELECTRONICS,12.817233273254464,1.0,2025-10-02T22:57
500579,10166,books,15.323678743270216,1.0,2025-11-08T21:53
500336,10176,Food,8.819230888140831,2.0,2025-11-13T09:17
500533,20021, CLOTHING ,,4.0,2025-12-22T03:45
500066,10033,SPORTS,12.942255350386386,1.0,2025-11-26T14:26
500184,10155, Electronics,,3.0,2025-12-05T00:27
500237,10017, Electronics,16.618216928887886,2.0,2025-12-21T15:45
500280,10090,beauty,,3.0,2025-10-16T06:18
500227,10192,clothing ,41.59059043764335,1.0,2025-11-24T14:23
500647,10096, food ,16.202530479424002,1.0,2025-10-03T18:51
500305,20013,food,12.00510527388734,3.0,2025-11-22T02:36
500594,10075, Clothing,,4.0,2025-12-23T08:34
500566,10037, Books,20.152422523851794,5.0,2025-12-25T16:54
500316,10096,clothing,,5.0,2025-12-06T21:51
500521,10048, beauty,36.026118023438386,5.0,2025-11-19T06:31
500210,10093,Books,15.280308808212293,1.0,2025-11-26T17:39
500399,10007,Sports,9.947746156509588,2.0,2025-12-15T22:20
500322,10057,FOOD ,6.979029196032468,4.0,2025-11-01T05:30
500251,10184,Sports ,17.4160085865183,2.0,2025-12-07T13:02
500357,10104,Sports,,3.0,2025-10-14T05:26
500692,10023, Food,,5.0,2025-11-02T19:38
500008,10123,sports,23.238503504321844,,2025-10-18T00:30
500170,10137, FOOD ,57.863997499631004,1.0,2025-10-12T21:31
500606,10022,Clothing,25.277164863276013,1.0,2025-12-29T13:48
500138,10048,Clothing,35.39580857420142,3.0,2025-12-19T17:29
500545,10187,food,4.916156639991637,4.0,2025-11-01T15:44
500102,10127,Food,32.021675652817386,1.0,2025-10-31T14:26
500296,10155,food,28.163851743425816,2.0,2025-11-02T20:24
500341,10064, CLOTHING,93.56982892498695,5.0,2025-12-12T04:46
500568,10057, Books ,17.201692594544088,3.0,2025-11-10T02:38
500522,10187,clothing,14.360166237246618,4.0,2025-12-18T02:53
500672,10093,CLOTHING,,5.0,2025-12-24T19:13
500493,10110,Electronics ,5.678439352382539,3.0,2025-10-31T10:18
500769,10026, FOOD,28.78619883813688,3.0,2025-10-04T01:00
500784,10127,food,58.03551769120687,,2025-10-04T11:42
500583,10187,ELECTRONICS,10.950638047807116,5.0,2025-12-19T12:01
500506,10020, clothing,36.83006193850144,4.0,2025-10-04T06:33
500500,10102,electronics ,29.882922664785383,3.0,2025-11-20T07:24
500100,10092,Food ,10.550781231303322,5.0,2025-11-25T21:20
500329,10083,Electronics ,27.942751910777154,4.0,2025-12-14T14:24
500069,10117,Electronics,,1.0,2025-10-06T09:12
500273,10140, food ,20.234868394575113,3.0,2025-10-10T16:34
500183,10130, CLOTHING,4.05458975861356,3.0,2025-10-03T13:16
500281,10053,Food,10.092800652939736,2.0,2025-12-26T05:46
500068,10189,clothing,9.793974863397601,1.0,2025-12-20T12:56
500716,10009, Food ,12.538644614794519,2.0,2025-12-01T11:53
500633,10118,BOOKS ,,5.0,2025-11-02T05:29
500108,10107,Electronics,16.427825704189775,1.0,2025-11-12T00:07
500760,10097,Books,27.523583652472947,4.0,2025-10-29T05:57
500598,10147, Books,22.13710334441202,1.0,2025-12-18T00:17
500142,10039,food,0.0,2.0,2025-11-19T18:53
500707,10195, food,26.13782723037923,2.0,2025-10-30T18:37
500473,10028,Clothing ,23.553028887761297,1.0,2025-10-06T04:00
500144,10103,sports,43.449459793660644,,2025-11-26T06:58
500536,10178,sports,38.06014314969591,,2025-12-23T21:56
500306,10085,beauty,14.47077597206395,1.0,2025-11-14T08:25
500487,10157, Electronics,,1.0,2025-10-14T20:02
500063,10025,food ,14.582460202351808,1.0,2025-12-01T04:36
500019,10087, sports,28.905731765716215,2.0,2025-12-07T16:24
500742,10093, clothing,39.098827116838834,3.0,2025-10-27T13:13
500232,10127,BOOKS,19.984948662705445,2.0,2025-10-04T05:15
500595,10047, Books ,26.944405463463173,4.0,2025-10-21T07:00
500379,10181, Clothing,20.508176089905188,1.0,2025-11-18T02:27
500777,10148,Beauty ,15.915820089907193,4.0,2025-11-19T07:36
500129,10195,books,,3.0,2025-12-20T11:06
500519,10086, FOOD,31.654925391426634,5.0,2025-11-23T00:47
500433,10044,FOOD,-23.581986938362014,1.0,2025-11-20T06:45
500213,10075, Food,28.00818786140351,1.0,2025-12-14T17:28
500630,10127,Clothing,55.160596870277175,5.0,2025-11-28T08:55
500023,10059,SPORTS,8.558823637042817,3.0,2025-11-15T16:58
500512,10118,Food ,19.6004433388489,4.0,2025-11-23T16:19
500750,10007,Books ,28.715835897511074,5.0,2025-12-19T06:54
500666,10156,Clothing ,32.83988137998812,1.0,2025-12-01T23:01
500639,10098,Sports,25.419061928805352,1.0,2025-12-02T10:25
500569,10014, clothing ,18.62220485638036,1.0,2025-10-05T18:02
500289,20025,Books,129.17027332439594,5.0,2025-11-16T07:22
500312,10021,Books,9.480448448919002,4.0,2025-10-05T21:37
500477,10016, food ,35.94315332839813,2.0,2025-12-17T22:50
500038,10029, Clothing ,18.3929975072739,1.0,2025-11-27T18:47
500090,20002, Electronics,21.06678517479819,5.0,2025-12-09T16:02
500081,10172, Beauty,24.834909065924467,,2025-12-11T00:38
500285,10173,clothing ,17.785981734541984,,2025-10-05T10:52
500031,10138,CLOTHING,-18.320268718481675,4.0,2025-12-06T15:33
500011,10021, Beauty,8.31520270296994,4.0,2025-12-30T23:56
500474,10143,Food,16.034825647626384,0.0,2025-11-21T09:19
500564,10005, beauty,3.667290589473534,3.0,2025-10-24T19:32
500653,10176,FOOD,22.629681979399976,4.0,2025-12-03T19:52
500683,10029,food ,32.68955013480584,4.0,2025-10-14T08:08
500526,20029, beauty,13.583482698788169,1.0,2025-11-21T19:27
500331,10034, SPORTS,64.6543851799641,2.0,2025-10-21T05:49
500075,10040,ELECTRONICS,38.88915889072592,4.0,2025-10-16T04:26
500744,10177,electronics,60.266728925569005,2.0,2025-12-07T10:16
500727,20009,FOOD,15.753872382305854,2.0,2025-12-03T23:45
500205,10015,clothing ,,2.0,2025-11-26T05:40
500078,10020,Clothing,22.04924909405254,,2025-10-12T08:56
500002,10103,Food ,18.232183878580873,3.0,2025-12-16T19:56
500233,10184,CLOTHING ,13.504532428221987,2.0,2025-11-16T15:33
500576,10092,Clothing,19.99611874582519,,2025-10-29T00:31
500164,10162,Electronics,5.833881922667767,5.0,2025-10-13T01:57
500613,10086, books,18.42772662160535,2.0,2025-10-17T02:14
500377,10020,Beauty ,60.81666887628932,,2025-11-12T14:05
500159,10185,ELECTRONICS,19.57464977406643,1.0,2025-12-20T10:21
500668,10070,Electronics ,12.155476488956264,2.0,2025-12-04T10:42
500445,10132, clothing,17.16051807837214,3.0,2025-11-03T22:41
500420,10093, ELECTRONICS,18.016141466861352,4.0,2025-10-29T04:50
500319,10188,food,10.509230516541388,3.0,2025-10-24T02:28
500323,10053, Food ,16.318554263542513,5.0,2025-11-05T00:50
500206,10100,food,18.120422932261135,3.0,2025-10-30T09:26
500419,10099,Electronics,8.767506951318262,,2025-11-23T03:45
500373,10073,beauty ,31.20361955346602,3.0,2025-12-25T02:48
500143,10023,Food,26.967508781100108,4.0,2025-10-30T06:17
500670,10108,sports,,2.0,2025-11-26T11:16
500182,10041, BOOKS,30.020907408577045,2.0,2025-11-29T15:00
500268,10037,ELECTRONICS,36.758865711511035,3.0,2025-11-19T21:25
500427,10030,BOOKS,20.983888626995956,1.0,2025-11-22T13:34
500676,10183,ELECTRONICS ,65.37377510379956,4.0,2025-11-21T19:47
500735,10088, Clothing ,19.53461027955342,5.0,2025-11-13T23:50
500580,10185, FOOD,42.816393068991474,5.0,2025-11-10T20:16
500625,10187,Beauty,13.77613075697578,4.0,2025-11-04T12:56
500014,10117, sports ,22.68944608152904,2.0,2025-10-09T03:41
500728,10098,CLOTHING,22.433449660791183,,2025-10-24T07:58
500465,10188, electronics,48.32282904962409,3.0,2025-12-09T23:44
500193,10183,clothing ,20.50143258964636,5.0,2025-10-15T14:29
500547,10056,clothing,16.718664341915826,5.0,2025-11-21T10:54
500228,10103,Clothing,,4.0,2025-10-04T06:09
500463,10045,food,19.987248912324723,2.0,2025-12-15T14:38
500130,10079,Clothing,26.135379008653647,5.0,2025-11-21T17:51
500194,10157, Books ,4.20208437757905,3.0,2025-12-21T21:56
500514,10195,SPORTS,26.330754570814662,4.0,2025-11-29T19:31
500799,10019, Electronics,50.478334758528355,5.0,2025-11-02T17:36
500165,10089,Electronics ,43.47801273614978,2.0,2025-12-22T11:06
500276,10057,Electronics,14.32691525032321,4.0,2025-12-29T19:23
500417,10154,beauty ,,1.0,2025-10-23T12:09
500481,10046,beauty ,9.569226846008549,3.0,2025-10-11T17:26
500511,10007,FOOD,6.149541126661361,5.0,2025-11-11T15:55
500555,10069,Electronics ,16.594579679670602,4.0,2025-10-26T14:10
500578,10015, Electronics ,26.494372468906565,5.0,2025-12-19T23:59
500758,10072, Beauty ,12.592424833018086,5.0,2025-12-08T04:17
500752,10042, books,58.62004372448599,2.0,2025-12-03T16:15
500346,10194, Books,47.63660425796924,2.0,2025-11-09T18:40
500638,10176, Food ,47.05624692256309,4.0,2025-12-08T02:00
500318,10165, CLOTHING,,5.0,2025-10-08T15:09
500259,10062,Food ,41.926615806158765,1.0,2025-12-13T14:42
500286,10044,Books ,25.1300467512381,1.0,2025-11-04T15:38
500644,10077,books,,4.0,2025-10-27T17:59
500618,10192,ELECTRONICS ,,1.0,2025-10-15T07:15
500715,20012,Electronics,35.509772549761855,2.0,2025-11-24T14:06
500398,10179, BEAUTY,31.08196499317859,4.0,2025-12-03T05:02
500403,10155, food ,8.141083134735231,3.0,2025-12-01T06:18
500109,10194,Electronics,14.71243143174285,5.0,2025-12-26T03:15
500516,10130,beauty,42.54939725662431,5.0,2025-10-21T03:58
500541,10063,Food,38.8462305113971,2.0,2025-10-11T23:02
500175,10168,Clothing ,36.343037488055465,1.0,2025-11-02T16:39
500754,10038, electronics ,14.064625323021442,4.0,2025-12-21T15:03
500161,10013,BEAUTY,15.321567352075988,5.0,2025-10-04T08:00
500426,10120,food ,,1.0,2025-10-22T19:01
500199,10031,Clothing,15.97950263088615,2.0,2025-11-04T08:13
500491,10192,sports ,11.899121032222698,5.0,2025-11-09T20:56
500091,10146,Electronics,4.239181002331546,3.0,2025-10-08T22:17
500544,20016,clothing,43.06209408368698,1.0,2025-10-27T08:55
500604,10168, Electronics ,13.623415317724426,4.0,2025-12-01T23:53
500424,10168, Beauty,,3.0,2025-10-20T08:14
500627,10114,SPORTS ,,2.0,2025-10-25T16:09
500186,10057, Electronics,44.50837804038706,2.0,2025-12-14T07:15
500043,10084,CLOTHING ,13.650097052795706,4.0,2025-12-17T04:38
500452,10165,Sports ,34.48030356042102,4.0,2025-12-06T06:51
500713,10131,CLOTHING,15.188691868452873,4.0,2025-10-07T08:35
500570,10012, sports ,13.536480967810567,2.0,2025-10-23T11:16
500158,10097,Sports,65.18330633257288,4.0,2025-12-29T07:17
500704,10087,Sports ,49.20429602538617,1.0,2025-10-31T16:44
500389,10136,CLOTHING ,21.66653019125513,1.0,2025-12-30T17:16
500335,10190,Electronics,36.095871295668914,2.0,2025-10-04T16:41
500200,10057,CLOTHING,36.81154221377243,5.0,2025-10-03T08:17
500112,10011, Books,36.402593223135185,1.0,2025-10-20T05:57
500311,10156,Beauty ,6.533737305689709,,2025-12-23T06:18
500397,10072,beauty ,11.741711736700422,1.0,2025-10-03T03:59
500696,10082,Food,28.444656012000397,3.0,2025-10-31T08:00
500509,10159, SPORTS ,19.5723096340621,5.0,2025-11-16T04:47
500328,10175,Books,21.050773148822437,2.0,2025-12-02T23:55
500013,10100,Sports ,,3.0,2025-12-09T08:42
500334,10044,food,,5.0,2025-12-28T21:14
500699,10110,sports,15.809659829098488,1.0,2025-10-31T17:12
500085,10027,beauty ,11.268382078487999,3.0,2025-11-04T20:20
500056,10009,books ,72.23294984236877,2.0,2025-11-13T11:48
500631,10127,food ,28.492698583362195,2.0,2025-12-13T04:18
500482,10091,sports,30.073296757761806,5.0,2025-11-03T22:03
500652,10078, Books,16.560345144760355,1.0,2025-12-02T14:05
500441,10120,BOOKS,48.990349812315955,5.0,2025-10-17T11:12
500041,10020,Clothing,27.09045685649593,5.0,2025-12-27T18:22
500400,10082, Food,27.306848928528602,5.0,2025-12-07T17:11
500489,10103,Sports,10.998802000480643,2.0,2025-11-29T14:22
500313,10097,Electronics ,21.481144382337025,1.0,2025-10-30T18:30
500596,10010,Food,6.237483767374029,3.0,2025-10-24T06:46
500651,10178,books,18.016102417063745,,2025-11-23T13:54
500572,10005,Clothing ,29.279557218350956,4.0,2025-12-11T20:15
500179,10045, FOOD,15.08270656865885,,2025-12-29T06:54
500177,10152,CLOTHING ,13.70908022692501,5.0,2025-10-01T19:01
500059,10187,electronics,8.963431666994877,1.0,2025-11-16T15:15
500153,10123,electronics,5.750210992061237,3.0,2025-10-11T22:45
500640,10106,BEAUTY,13.137700823915981,2.0,2025-11-17T10:04
500665,10099,Sports,7.4142577289633085,5.0,2025-12-28T12:36
500017,10088,Books ,19.45286232842138,5.0,2025-12-21T19:17
500490,10128,beauty,7.075284563289123,2.0,2025-12-17T14:52
500249,20025, books,59.44071663000315,2.0,2025-12-09T22:04
500711,10059, Sports,10.461049697037641,1.0,2025-10-25T11:07
500552,10132, Sports ,9.945626316820006,1.0,2025-12-08T02:45
500252,10065,Electronics,18.126604610005316,4.0,2025-10-10T00:57
500292,10107,electronics,31.379794548122074,3.0,2025-12-25T10:14
500439,10028,Food,22.713593871012044,2.0,2025-11-16T08:41
500442,10160,Clothing,35.8307920374003,5.0,2025-11-30T09:10
500543,20016,Clothing ,25.17011103480964,5.0,2025-10-03T13:07
500290,10008, Beauty ,18.660225263237034,2.0,2025-11-21T21:05
500712,10163,CLOTHING,16.88455007495686,3.0,2025-12-05T02:55
500601,10133, Books ,16.127823829697924,2.0,2025-12-03T01:48
500667,10059,Food,15.109916388983548,1.0,2025-11-11T11:14
500761,10075,BOOKS,24.48208753072588,5.0,2025-10-02T13:46
500587,10137,Clothing,0.0,4.0,2025-12-04T07:23
500537,10193,BEAUTY ,31.553391958063447,4.0,2025-11-08T15:04
500315,10039, CLOTHING,14.350561990598417,4.0,2025-12-04T03:14
500073,10200, beauty,10.68502583679927,2.0,2025-11-12T01:14
500383,20010,books,,-3.0,2025-12-27T16:37
500310,10151,food,10.103311258244617,3.0,2025-12-05T19:02
500204,10146, Books,56.18378500431465,3.0,2025-12-07T07:56
500388,10126,Electronics,15.32885220034195,3.0,2025-11-04T18:45
500457,10069,Electronics,22.21107145689214,1.0,2025-10-25T21:44
500033,10128,clothing,8.111366812162691,5.0,2025-10-18T03:05
500642,10200,Sports,27.270088929422215,4.0,2025-12-02T21:42
500768,10102,Electronics ,12.44102068721494,,2025-12-18T02:04
500198,10099,Electronics,6.266459534659066,2.0,2025-12-27T17:13
500446,10108,FOOD,11.673578779802986,2.0,2025-10-31T20:28
500763,10118,food,29.85653511795635,1.0,2025-10-17T18:26
500157,20012,beauty,24.85914583301713,3.0,2025-10-27T21:57
500718,10113,Books,9.069927042825551,1.0,2025-10-01T06:32
500476,10141,Books,43.523430940382795,4.0,2025-12-12T13:38
500524,10156,Food,13.617604635601399,2.0,2025-10-01T11:08
500530,10055, electronics,6.31853462770755,1.0,2025-12-12T10:09
500480,10018, electronics,21.047395820317718,1.0,2025-12-22T01:25
500345,10161,Electronics,23.190673336524036,3.0,2025-10-13T22:58
500660,10032, CLOTHING,14.07086145467569,4.0,2025-10-01T21:55
500117,10189, Electronics ,13.129913599552763,5.0,2025-11-20T02:55
500466,10061, BEAUTY,32.46787096756067,,2025-11-11T14:08
500401,10195,Food,69.73280289919843,5.0,2025-11-15T06:04
500004,10200, BEAUTY,22.389138983178537,2.0,2025-11-12T15:56
500460,10017, Clothing,-9.689349501539855,2.0,2025-10-03T09:03
500131,10159, Food ,48.00248974372234,5.0,2025-12-01T02:04
500738,20002,Clothing ,14.138330074340596,2.0,2025-12-12T07:43
500720,10070, Electronics,10.914515787002932,5.0,2025-10-11T20:25
500774,10194,beauty,56.88572196151941,1.0,2025-12-16T23:20
500469,10115,beauty,24.50844978389724,3.0,2025-10-18T20:19
500114,10014, Electronics,36.56460671083572,4.0,2025-10-24T00:50
500453,10054, books ,38.695486713925334,2.0,2025-11-08T18:22
500392,10046,clothing,6.9277977771898165,5.0,2025-11-21T06:04
500207,10162, Sports ,33.54795312598374,3.0,2025-11-09T23:36
500557,10027,ELECTRONICS,29.663780330352957,3.0,2025-11-27T18:27
500599,10004, CLOTHING ,25.77485957964773,2.0,2025-12-27T19:51
500226,10158,Sports,13.800394916102084,4.0,2025-11-06T15:48
500503,10093,BEAUTY ,19.747205716104908,,2025-11-10T01:44
500121,10166,CLOTHING ,22.304023952782746,3.0,2025-11-18T09:46
500612,10094, Sports,17.44009741717121,3.0,2025-12-17T18:05
500222,10091,Sports ,46.82689477717712,5.0,2025-11-17T09:36
500444,10182, sports ,42.32098960664391,5.0,2025-11-22T05:54
500172,10199,Food ,7.414813877893401,1.0,2025-11-25T06:59
500581,10003, BEAUTY,28.635066992796656,1.0,2025-10-19T05:51
500615,10170,ELECTRONICS,42.92954038089931,4.0,2025-11-07T12:44
500776,10147, Food ,34.13321566978801,2.0,2025-11-11T22:39
500371,10190,BOOKS ,17.933647383140286,2.0,2025-10-16T19:44
500375,10098, ELECTRONICS ,12.12932137878725,4.0,2025-11-06T13:01
500124,10196, Food,43.94796380748419,1.0,2025-10-26T19:42
500669,10175,Food,10.41963196059943,2.0,2025-11-28T23:42
500181,10028,BEAUTY ,27.8874204998498,2.0,2025-12-22T03:33
500162,10170,food ,14.74996480128631,4.0,2025-11-30T03:25
500567,10136,Sports,10.471506052049882,5.0,2025-12-02T22:03
500553,10085,books,10.12766565250525,4.0,2025-10-24T04:17
500118,10111, Food,14.354141737481244,5.0,2025-12-22T05:14
500705,10021,food,59.882215527453276,1.0,2025-12-07T11:07
500691,10135,ELECTRONICS,13.660985441064598,1.0,2025-12-02T10:11
500339,10011,FOOD ,14.85294990568851,-1.0,2025-12-09T07:41
500550,10116,ELECTRONICS,8.41396123431349,2.0,2025-12-06T21:57
500241,10084,clothing,16.797919029222058,,2025-12-10T20:28
500135,10135,Clothing,15.454846816227295,3.0,2025-10-21T03:00
500156,10011,Books,54.86144363440511,1.0,2025-10-08T22:29
500140,10035, Sports,16.91518866580714,3.0,2025-10-03T04:22
500748,10039,Clothing ,16.46718612559149,2.0,2025-12-08T11:21
500061,10193,Books,19.378269175096847,5.0,2025-12-19T04:55
500531,10121,sports ,8.386857080115965,1.0,2025-10-25T07:36
500166,10132,Books ,13.667497057799954,5.0,2025-11-06T19:09
500301,10099,Sports,9.314642731347481,5.0,2025-11-15T05:16
500387,10070,Books ,71.68074409665577,2.0,2025-12-28T12:49
500740,10105,BOOKS ,26.46698702891784,5.0,2025-10-29T14:51
500298,10039,food,,1.0,2025-12-04T12:28
500132,10112,Beauty,9.132350729687335,2.0,2025-11-30T20:02
500729,10027,food,12.562965951510844,4.0,2025-11-19T18:38
500753,10141,Clothing,36.775437302541135,2.0,2025-10-12T13:55
500472,10129, FOOD,0.0,3.0,2025-10-24T08:28
500039,10039,Electronics,29.024819523774912,4.0,2025-12-06T22:28
500250,10180, Food,18.284923235518242,5.0,2025-10-06T10:04
500054,20024,BOOKS,12.374695681078135,4.0,2025-12-01T01:34
500195,10147,electronics,10.475332608714993,1.0,2025-12-11T22:46
500137,10090,Food,36.63578635662252,2.0,2025-12-02T03:50
500701,10005,electronics,7.147975989728611,5.0,2025-10-24T17:26
500732,10055,clothing,15.447636523391955,2.0,2025-10-17T21:17
500282,10160, Beauty,25.978828833914648,2.0,2025-11-18T21:03
500036,10108,electronics,18.963181819177844,3.0,2025-12-29T12:56
500380,10059,Food ,,2.0,2025-10-25T12:47
500485,10172,ELECTRONICS,48.15199247488626,4.0,2025-11-24T14:27
500067,10111,Books ,15.790380298061203,5.0,2025-10-02T19:00
500343,10157,Food,15.467740910053347,5.0,2025-12-10T15:40
500356,10050,CLOTHING ,17.348184281251633,2.0,2025-11-13T05:06
500053,10111,Sports ,27.8347251896102,2.0,2025-10-06T09:38
500573,10176, CLOTHING,17.430823995700653,4.0,2025-10-09T00:33
500458,10142,books,42.24572804173354,3.0,2025-12-09T05:06
500765,10186,beauty,16.094410295925364,4.0,2025-11-23T13:51
500240,10102,Clothing ,20.37520362034896,2.0,2025-12-02T17:43
500247,10164,Sports,,4.0,2025-12-21T14:05
500029,10143,Clothing,20.65971601141418,5.0,2025-11-15T15:21
500780,10034, CLOTHING,,2.0,2025-10-04T07:40
500266,10141, Beauty,17.105905607706198,2.0,2025-12-26T07:56
500245,10023,Electronics,18.62040077722928,2.0,2025-10-30T08:38
500104,10033,BEAUTY,59.57406537462275,1.0,2025-10-10T18:13
500277,10199,clothing,26.742972344367434,1.0,2025-11-07T23:27
500111,10049,ELECTRONICS ,36.97393052298579,3.0,2025-11-04T21:40
500394,10117, Food,24.38783518766823,3.0,2025-11-17T18:51
500160,10099,Electronics,35.58706150710356,1.0,2025-12-25T06:36
500236,10096, FOOD ,48.96441486146135,4.0,2025-11-09T10:55
500410,10161,CLOTHING,63.34495363833424,3.0,2025-10-08T13:26
500113,10032, Electronics,,2.0,2025-11-29T00:07
500664,10015,beauty,11.254026697240816,3.0,2025-11-03T04:06
500695,10095, Beauty,,2.0,2025-12-03T01:53
500787,10055,Electronics,69.5919959166707,1.0,2025-12-26T07:19
500382,10079, Clothing,56.08417456175581,4.0,2025-11-20T23:48
500697,10168,CLOTHING,8.076680116877512,5.0,2025-11-24T22:18
500263,10196, Electronics,14.922211801901307,1.0,2025-12-02T07:40
500224,10077,CLOTHING,37.1752486921357,3.0,2025-11-16T19:02
500791,10057,BEAUTY,38.451812449196204,3.0,2025-10-03T16:13
500372,20015,food ,32.598239028825645,4.0,2025-12-12T17:22
500603,10161,Clothing ,23.834248426671817,5.0,2025-12-17T01:00
500378,10086, beauty,17.197847187268295,,2025-10-05T18:33
500525,10176,Clothing ,25.50286336126988,1.0,2025-10-27T04:37
500168,10131, Books ,9.894875442304949,4.0,2025-10-11T08:55
500739,10054,Beauty ,8.687422191097138,1.0,2025-12-12T01:52
500242,10118,Electronics,19.72695414569098,5.0,2025-10-13T17:20
500646,10046,electronics,24.615520030216985,4.0,2025-12-28T10:29
500418,10110,books,20.37780755796961,3.0,2025-10-28T06:39
500755,10140,clothing,10.997659196439542,3.0,2025-11-15T11:54
500025,10181,food,25.70235611737774,5.0,2025-11-30T05:16
500295,10082,Beauty,5.5103925997507455,4.0,2025-11-22T12:06
500505,10045,Clothing,12.660942605482033,2.0,2025-10-09T08:38
500663,10071,Food,21.277161841539055,2.0,2025-11-29T23:58
500790,10050,FOOD,9.967689874386272,1.0,2025-11-11T09:27
500151,10087,CLOTHING ,19.840050807122218,,2025-10-27T16:14
500042,10196, ELECTRONICS,21.18741455239895,1.0,2025-12-01T10:00
500347,10151,books,22.171608453348796,5.0,2025-11-20T03:27
500095,10075,BEAUTY ,,1.0,2025-10-05T03:27
500395,10103,BEAUTY,19.403766612759213,5.0,2025-12-17T10:00
500218,10156, Sports ,21.91343826931186,5.0,2025-12-26T02:54
500614,10037, SPORTS,10.970227641173349,1.0,2025-12-13T01:58
500024,10063,Sports ,17.937902885366835,3.0,2025-11-19T09:10
500269,10168,BOOKS ,14.255321241162264,4.0,2025-10-30T02:37
500353,10155, Books ,8.869782827432443,5.0,2025-11-29T12:29
500293,10167, Sports,53.903725858676005,-2.0,2025-12-20T17:03
500201,10064,Food,8.40753229111508,5.0,2025-10-14T06:15
500174,10088,Clothing,10.798263540798706,2.0,2025-10-20T13:10
500101,10192, Electronics ,8.8153231095699,1.0,2025-11-16T04:23
500430,10191,BOOKS,7.702488259946077,3.0,2025-10-04T21:24
500092,10100,Clothing,68.94341634309039,3.0,2025-10-20T16:08
500685,10086,books,11.628461510331668,2.0,2025-12-13T04:42
500745,10081, Books ,,4.0,2025-12-16T14:01
500432,10035,Food ,45.43141578697797,4.0,2025-12-30T04:11
500558,10039,Food,30.193946426543977,4.0,2025-10-27T16:24
500223,10063,Electronics,12.621337820612585,2.0,2025-12-04T00:53
500215,10097,FOOD,21.802388368811133,2.0,2025-12-13T19:37
500189,10032, Clothing ,9.767771271677075,2.0,2025-10-24T12:38
500659,20018,BEAUTY ,10.736515715901447,2.0,2025-10-29T23:21
500408,10045,electronics ,25.309746808304368,3.0,2025-10-05T02:16
500515,10035,ELECTRONICS ,76.54486726595186,3.0,2025-12-22T21:17
500607,10098,Electronics,56.31395341635257,4.0,2025-10-22T18:03
500354,10060,ELECTRONICS,42.66361373270059,-1.0,2025-12-03T06:53
500077,10199,FOOD ,11.9136025217054,1.0,2025-10-18T05:29
500243,10114, ELECTRONICS,34.339318586644474,2.0,2025-10-06T22:21
500800,10006,FOOD ,16.126130419695606,4.0,2025-12-12T01:59
500074,10065, Electronics,17.455795143844455,3.0,2025-12-25T03:20
500785,10003, CLOTHING ,8.679508074191363,2.0,2025-12-28T07:36
500523,10104,Sports,21.426142566006142,5.0,2025-11-28T15:50
500770,10050,Clothing,19.329039581932822,2.0,2025-12-30T04:44
500348,10091,Electronics,17.304145121757365,3.0,2025-12-10T19:54
500119,10130,Clothing,57.13336705470329,,2025-10-28T18:52
500600,10091,Beauty,18.448243130505936,3.0,2025-11-11T08:36
500459,10177,Clothing ,19.01945335086835,5.0,2025-10-05T02:54
500772,10027, BEAUTY,15.297418443629644,5.0,2025-12-30T21:57
500502,10199,CLOTHING,19.278516225890133,1.0,2025-10-01T02:56
500006,10177, clothing,5.6163110302375205,5.0,2025-10-12T13:18
500428,20003, ELECTRONICS ,11.00792359174092,3.0,2025-12-27T07:57
500437,20020, BOOKS ,29.504314152920685,1.0,2025-11-08T21:29
500415,10147,Clothing,30.9693243008323,1.0,2025-10-21T10:56
500070,10082, FOOD ,18.956955553573792,2.0,2025-11-19T05:48
500015,20013, electronics,8.761288965850344,4.0,2025-10-10T20:09
500792,10007, Books,12.653364528165516,5.0,2025-10-10T08:47
500708,10005, ELECTRONICS,9.591062418466262,2.0,2025-12-24T02:31
500370,10149,Clothing ,51.09107355662492,4.0,2025-10-24T02:09
500079,10179, Books,27.096743657626362,5.0,2025-10-21T22:46
500203,10114, Sports ,20.896563129076956,5.0,2025-12-30T18:57
500471,10126,Clothing,13.482561264982651,4.0,2025-12-18T13:51
500597,10073, sports,15.362378351365903,4.0,2025-11-04T11:34
500005,10199,clothing,14.917049905518427,2.0,2025-10-15T15:01
500538,10043, books,38.2117008509566,1.0,2025-10-05T03:52
500611,10047, books,14.6653894169051,5.0,2025-11-15T13:14
500454,10032, Electronics ,32.14198297925666,2.0,2025-10-24T21:45
500497,10107,clothing,13.503728615992323,5.0,2025-12-14T22:09
500632,10087, Beauty,21.092513509355065,1.0,2025-12-20T04:03
500294,10019,Books ,36.05266213589805,1.0,2025-11-26T21:11
500072,10014,beauty ,14.554184114396667,5.0,2025-10-04T06:09
500527,10047,CLOTHING ,13.301048943936836,2.0,2025-12-13T21:04
500003,10111,BEAUTY ,15.046358266492192,1.0,2025-10-02T18:41
500026,10005, SPORTS ,7.50492321480512,3.0,2025-11-12T18:21
500309,10051,Clothing ,14.360458840125297,3.0,2025-10-03T19:32
500217,10050,Sports,12.196884871359066,,2025-11-26T01:46
500344,10027, Clothing ,36.936458357344485,,2025-10-16T11:06
500700,10123,Food ,17.099685649680776,1.0,2025-10-24T04:57
500461,10158, Sports,56.426908758820716,4.0,2025-11-19T03:10
500167,10177,food,12.417872085376334,1.0,2025-12-28T21:02
500733,10104,Electronics ,23.330543422118193,,2025-11-22T21:25
500554,10155,food,17.451551896721313,2.0,2025-12-01T16:10
500332,10132, FOOD,19.352462496489444,5.0,2025-11-08T07:16
500178,10095, Clothing ,20.9794596751659,5.0,2025-12-24T05:14
500376,20017,books,38.297370587704194,5.0,2025-11-01T17:08
500438,10016,books ,,1.0,2025-12-10T01:46
500248,10175, Food,18.917601324115246,5.0,2025-11-08T21:34
500374,10132,SPORTS,39.96927576482227,1.0,2025-11-25T09:22
500504,10038,Food,12.669870075173819,1.0,2025-10-24T03:15
500513,10032,Clothing ,33.811059753500864,5.0,2025-12-14T06:40
500464,10143,Books,15.300248247853006,1.0,2025-12-08T10:48
500781,10108,Food ,13.742131121055527,4.0,2025-11-28T23:42
500582,10037,Electronics,40.52989469880235,1.0,2025-11-08T21:40
500654,10050,Electronics ,31.46265722417187,1.0,2025-11-25T01:08
500749,10063,Clothing ,8.82946055872635,1.0,2025-11-25T18:30
500308,10191,FOOD ,21.371842806113396,5.0,2025-10-09T02:06
500049,10131, electronics ,,1.0,2025-11-24T21:21
500456,10174,clothing,-19.978023660711624,1.0,2025-10-20T05:23
500590,10197,Clothing,15.256923484484133,3.0,2025-10-19T07:31
500055,10198,Clothing ,,5.0,2025-12-03T13:04
500619,10004,CLOTHING,,5.0,2025-12-06T21:57
500235,10164,Food,13.249396461238526,2.0,2025-11-22T05:19
500115,10041,Clothing ,19.561217709099108,4.0,2025-12-28T19:51
500577,10092, Beauty ,7.069630820537615,4.0,2025-12-02T05:58
500431,10069, Food ,10.929922206301608,1.0,2025-11-18T01:40
500330,10008, CLOTHING,57.77414929920689,1.0,2025-12-16T15:36
500413,10006,ELECTRONICS,9.39095468195631,3.0,2025-11-07T03:50
500192,10110, Books ,12.671085483217826,2.0,2025-11-21T22:27
500703,10072,Clothing,10.466792906156442,4.0,2025-12-05T09:46
500152,10014, Electronics,10.642097939347131,2.0,2025-10-12T07:03
500180,10154, Beauty,52.907634960457145,2.0,2025-11-18T19:05
500436,10015, clothing ,19.656592579665933,2.0,2025-10-03T21:01
500719,10031,Sports,52.94523957797687,5.0,2025-10-26T04:14
500385,10063,electronics ,52.801550818777,2.0,2025-12-22T22:41
500155,10132, Electronics,47.8766441736787,3.0,2025-11-10T00:57
500694,10052,beauty,27.906304260198187,,2025-11-07T11:40
500257,10072,beauty,19.690265260185097,4.0,2025-11-06T16:40
500364,10152,beauty,29.51385431332243,4.0,2025-11-08T09:46
500616,10191,Sports,34.124342388585305,3.0,2025-12-18T07:21
500706,10162,food,,2.0,2025-10-29T07:21
500624,20001,BOOKS,29.200483278387676,5.0,2025-10-05T05:11
500176,10105,electronics,23.854100430796404,5.0,2025-10-02T04:05
500030,10034,Books ,11.934409972925963,2.0,2025-11-21T20:41
500127,10047,beauty,17.662668253190134,3.0,2025-10-01T15:39
500757,10074,Books ,48.61512066851378,5.0,2025-12-07T22:00
500071,10092,Books,29.56846592882429,,2025-11-02T00:19
500643,10152, beauty,17.280326404842448,3.0,2025-10-31T21:18
500384,10183, books ,-40.88457681062416,4.0,2025-10-19T17:35
500146,10105,Books,18.44756737646923,5.0,2025-10-24T11:32
500679,10032,Electronics ,18.94420467110318,4.0,2025-10-19T19:45
500766,10071,books,30.49622397921686,5.0,2025-12-02T08:29
500661,10019,SPORTS,20.323748052056335,5.0,2025-11-20T10:07
500216,10081, books ,49.119935388647,2.0,2025-10-20T21:27
500609,10051,food,41.62638052732959,3.0,2025-12-04T20:55
500721,20018,CLOTHING,20.07332984243147,1.0,2025-11-16T03:41
500287,10001,electronics,5.947187083529558,5.0,2025-12-16T06:52
500534,10109,ELECTRONICS,25.75564941200376,,2025-11-23T14:49
500231,20029,Sports,16.892476272844398,4.0,2025-12-29T14:12
500197,10074,Electronics,,1.0,2025-11-20T10:56
500678,10030,food,3.9598156943320775,5.0,2025-11-25T08:40
500267,10040, ELECTRONICS,30.907806106291385,2.0,2025-12-16T20:30
500496,10015,clothing,,4.0,2025-10-07T10:25
500592,10062,Sports ,28.541620348476684,5.0,2025-11-07T21:17
500688,10007,Food,9.87263909623333,3.0,2025-10-15T10:16
500018,10077,BEAUTY,33.73129952627212,3.0,2025-12-01T02:49
500548,10067,sports,40.10936011852111,2.0,2025-12-16T09:14
500468,10060,Clothing ,16.55811599200151,3.0,2025-11-08T17:28
500622,10003, Food,18.4046501104823,4.0,2025-12-20T20:14
500028,10096,electronics,,4.0,2025-10-07T19:55
500741,10178,Food,5.00052571484267,2.0,2025-10-18T21:57
500278,10055,Electronics,16.556626638754295,2.0,2025-11-01T02:55
500120,10042,Electronics ,24.153914544343362,2.0,2025-11-12T22:25
500396,10012,Books ,15.89145280475925,5.0,2025-12-12T02:29
500355,10025,Sports,20.453375682467748,1.0,2025-12-25T02:28
500229,10133,Beauty,22.764437041979622,4.0,2025-12-30T19:57
500520,10157,Sports,22.150102516383985,4.0,2025-10-01T08:10
500321,10055,Food ,70.70429837422151,3.0,2025-10-06T19:17
500148,20025,Electronics,34.29976645663513,1.0,2025-12-20T06:19
500756,10055,electronics ,8.83662609102874,2.0,2025-10-09T06:26
500495,10153,CLOTHING ,17.31255879642778,5.0,2025-10-22T22:10
500450,10097,Beauty,24.64005121255381,,2025-11-03T17:35
500574,10033,SPORTS,15.303524473554207,5.0,2025-12-01T15:41
500107,10046,Books,9.266436388509158,3.0,2025-10-25T09:29
500351,10154, clothing,6.676412455647756,5.0,2025-12-30T05:24
500390,10172, ELECTRONICS,13.512211521630524,4.0,2025-11-30T01:21
500449,10072, books,50.55587642269428,5.0,2025-11-09T13:39
500094,10080,electronics ,68.79201337693446,3.0,2025-12-03T04:43
500260,10036,BOOKS ,50.942944935898105,4.0,2025-10-31T23:15
500710,10158,Books,14.89587823172562,2.0,2025-11-06T11:08
500171,10139,Beauty,70.54616445560966,3.0,2025-12-26T10:37
500255,10126,BOOKS ,14.608446168789307,5.0,2025-11-07T18:56
500253,10083, BOOKS ,9.11585443160299,5.0,2025-11-30T18:44
500307,10084,FOOD ,48.99363479434062,5.0,2025-11-03T22:29
500641,10065, books,18.752498442555453,2.0,2025-12-11T01:46
500759,10148,Books ,48.81989535043747,1.0,2025-11-12T05:35
500429,10187, CLOTHING,16.628811610185405,2.0,2025-10-15T13:32
500187,10023,Books,6.630937841702407,5.0,2025-11-03T09:27
500270,10055, CLOTHING,,3.0,2025-10-30T10:30
500163,10134,FOOD,,2.0,2025-11-27T16:23
500414,10198,Electronics,10.839473462504765,0.0,2025-12-26T22:05
500621,10197,electronics ,8.96578553720219,2.0,2025-10-23T03:11
500634,10032, electronics,,2.0,2025-12-03T09:58
500099,10161,Books,10.373411101168541,5.0,2025-12-27T11:59
500007,10039, Electronics ,34.93009451667073,2.0,2025-10-02T23:17
500645,10037,food,13.564224677937258,3.0,2025-12-26T00:03
500686,10108,Clothing,18.114068530285472,4.0,2025-11-22T12:24
500230,10179, Books ,,2.0,2025-10-10T06:54
500265,10172,food,23.21233492538507,5.0,2025-12-06T02:02
500369,10199,sports,14.185609274912421,2.0,2025-12-30T06:22
500560,10093, Clothing,15.48585152355703,2.0,2025-12-16T04:21
500693,10003,BOOKS ,15.820756121761613,5.0,2025-10-09T04:49
500779,10071,Beauty,46.03474638458774,1.0,2025-10-12T06:09
500717,10092,Electronics,56.88398255674453,3.0,2025-10-10T17:50
500404,10054,Books ,14.555328751623744,,2025-11-30T09:28
500797,10070,Food ,19.708482966035007,5.0,2025-10-06T10:36
500190,10041,beauty,56.07336576344141,2.0,2025-12-02T04:26
500333,10162,Books,,3.0,2025-11-18T01:39
500304,10143,electronics ,21.00049861084687,2.0,2025-11-20T07:43
500261,10041,FOOD ,42.658624813137656,2.0,2025-10-27T17:36
500145,10108,Sports ,17.69889435812909,5.0,2025-12-17T17:39
500284,10079, clothing,19.153348857579022,2.0,2025-12-26T23:43
500687,10058, Electronics,27.354212588402625,2.0,2025-10-17T21:37
500012,10168,Clothing,22.973367822057867,3.0,2025-10-25T07:46
500655,10128,Electronics,30.598141847121422,1.0,2025-10-23T19:29
500532,20024,Clothing,10.09096132773671,3.0,2025-10-18T17:46
500470,10129,Beauty,19.82561768815617,2.0,2025-11-21T15:02
500128,10091, sports ,21.92271221736415,5.0,2025-10-29T19:13
500730,10011, CLOTHING,11.079203721601539,1.0,2025-12-02T03:52
500058,10063,Food,8.965313878866802,4.0,2025-12-10T21:35
500034,10009,clothing,,5.0,2025-11-03T09:08
500238,10004,clothing,20.334219131687348,3.0,2025-10-02T12:23
500736,10192, Books ,49.879748302058836,4.0,2025-10-04T16:41
500283,10160,Clothing,39.60011638118724,0.0,2025-12-22T01:44
500363,10051,BOOKS,17.4448127884571,2.0,2025-11-03T11:24
500244,10173,Electronics,13.494587332556542,1.0,2025-11-06T03:06
500093,10095,CLOTHING,11.74510781251248,1.0,2025-11-05T14:33
500211,10170,Books,18.47933188917712,1.0,2025-12-22T10:06
500338,10047, food,21.36200469761488,5.0,2025-10-19T19:39
500302,10178,FOOD,42.08461412010201,3.0,2025-12-11T13:40
500086,10165,Books,10.482028572468193,4.0,2025-12-21T22:08
500191,10061, books,23.256088515038662,3.0,2025-12-17T01:42
500040,10071,clothing,9.008368217555983,5.0,2025-11-02T23:07
500501,10097,Books ,14.350998675005458,1.0,2025-12-07T04:50
500508,10090, Electronics ,10.414324016247118,,2025-11-19T12:00
500517,10068, FOOD,47.9117326464366,5.0,2025-12-11T14:19
500105,10043,Food,,3.0,2025-10-12T18:19
500786,10192, BOOKS ,27.410082760673085,1.0,2025-11-18T11:26
500234,10188,Beauty,34.55108555616543,3.0,2025-11-07T23:59
500106,20006, SPORTS,22.903543180433914,,2025-10-19T07:22
500342,10128,Sports,18.67229446439019,3.0,2025-12-30T10:43
500254,10056, books,10.78292529611843,2.0,2025-11-04T18:36
500409,10110, books,19.965182129846916,2.0,2025-10-03T21:16
500423,10184, Food,17.29779741651377,3.0,2025-12-15T13:16
500209,10169, CLOTHING,17.59245428086248,5.0,2025-11-03T18:32
500782,10110, BOOKS,61.76524362591999,3.0,2025-10-05T11:32
500617,10042,Electronics,16.719793936675483,1.0,2025-11-27T18:29
500083,10174, SPORTS,30.92500692329314,5.0,2025-12-10T04:29
500498,10100,Electronics ,16.364129461090887,3.0,2025-11-18T06:40
500734,10019,Books,6.378359318330638,5.0,2025-12-22T21:06
500584,10114,books ,16.07343670452932,4.0,2025-11-30T08:45
500626,20001,Sports,4.481875358083272,2.0,2025-10-09T13:35
500088,10113,BEAUTY ,32.371419681706215,4.0,2025-12-03T16:18
500065,10173, Food ,18.26561801920401,3.0,2025-11-03T00:03
500271,10189,FOOD ,35.020585352723955,3.0,2025-12-07T12:17
500275,10049,Sports,,5.0,2025-10-13T13:31
500637,10151, CLOTHING,10.448361040878916,2.0,2025-10-21T06:38
500714,10192, Electronics,16.52549530232414,4.0,2025-11-11T12:53
500154,10048,FOOD,18.506384355959383,1.0,2025-10-05T20:03
500628,10017, FOOD,19.363139027849748,5.0,2025-12-28T00:55
500411,10051, clothing,17.254323994774293,1.0,2025-11-08T13:33
500518,10133, Sports,107.7756295064954,1.0,2025-12-03T09:41
500045,20005, electronics,5.358295595567385,1.0,2025-11-26T13:23
500391,10006,Books ,21.888922812027303,1.0,2025-11-30T22:50
500221,10027,BOOKS ,7.550436881229761,3.0,2025-10-28T05:37
500141,10194,FOOD,8.406260717459846,1.0,2025-10-28T05:19
500350,10109,beauty,7.600083117251598,-2.0,2025-10-16T04:52
500358,10105, Sports,29.17625661734534,4.0,2025-11-25T03:25
500134,10067,books,15.030851669871572,3.0,2025-11-27T12:59
500262,10012, FOOD ,12.038935250892848,2.0,2025-11-16T07:54
500279,10089,electronics ,13.611964178439736,4.0,2025-10-06T00:36
500080,10146,books,53.82343145801462,4.0,2025-11-22T00:53
500778,20023,books ,16.77365022450188,,2025-12-26T20:14
500116,10118,electronics ,16.531073668762378,2.0,2025-11-13T11:21
500657,10054,Food,17.38482732188932,1.0,2025-11-20T10:05
500673,10197,BOOKS,17.648697333752814,4.0,2025-10-29T21:32
500381,10163,Clothing,16.31586991686244,,2025-10-25T03:33
500743,10058,BOOKS ,17.669633155850473,1.0,2025-10-23T01:01
500185,10185,ELECTRONICS,70.100265076282,3.0,2025-10-02T15:36
500635,10153,BOOKS ,14.096601341303485,5.0,2025-11-13T23:44
500359,10121,Books ,12.395100930260742,3.0,2025-11-11T00:42
500037,10045,Beauty,7.207681820285384,5.0,2025-11-18T11:02
500340,10179,ELECTRONICS,23.75735481617878,2.0,2025-10-19T08:56
500674,10135, Food,38.20548546767404,1.0,2025-11-09T08:14
500421,10133,Clothing,33.18684861449889,4.0,2025-10-29T22:00
500150,10099,FOOD,31.237949325991607,2.0,2025-10-07T16:36
500010,10078,sports ,11.249107326611849,1.0,2025-11-10T13:01
500046,10017,clothing,24.729786524461428,4.0,2025-10-03T19:26
500096,10081,Electronics,12.336462461192733,5.0,2025-10-24T10:03
500723,10094,Sports,16.342397378778934,1.0,2025-10-27T01:24
500796,10080, food,40.16239806744059,3.0,2025-10-08T21:35
500549,10113,Food ,51.564682896976294,1.0,2025-11-01T23:33
500561,10047,Beauty ,19.61413286659615,3.0,2025-12-06T04:59
500299,10041,Food ,10.046646045971913,5.0,2025-10-01T05:37
500291,10043,books ,18.700027225530476,5.0,2025-12-03T21:05
500416,10132,electronics ,38.48384213377611,5.0,2025-11-05T18:13
500314,10042,Clothing,36.16675263208534,3.0,2025-11-25T08:19
500422,10042, clothing,15.471891105466907,1.0,2025-12-01T01:05
500123,10179,electronics,87.1461998981075,3.0,2025-10-05T23:19
500677,10101, electronics,87.04804271856497,4.0,2025-12-29T21:30
500658,10143,CLOTHING,14.293444397836266,5.0,2025-11-19T14:24
500362,10189,CLOTHING ,24.847886446357602,2.0,2025-11-12T21:37
500337,10175,SPORTS,17.261102803382478,,2025-10-20T11:56
500136,10139,Books,66.62497617234253,1.0,2025-11-27T19:55
500684,10091, BOOKS,18.773720680711186,5.0,2025-11-06T15:24
500368,10164,electronics,69.56344162597986,3.0,2025-11-18T09:37
500767,10009,Beauty,18.423310438491782,1.0,2025-12-03T04:10
500725,10067,FOOD,49.397315387633874,4.0,2025-10-20T13:33
500620,10191, BOOKS,30.935264791612877,2.0,2025-10-06T02:38
500009,10182, sports,16.637089781374918,2.0,2025-12-26T04:23
500098,10016, books,24.960011033929657,,2025-12-06T12:33
500775,10126,ELECTRONICS ,50.80358111340259,2.0,2025-10-08T14:22
500349,10181, ELECTRONICS,6.887891859371768,3.0,2025-11-08T11:11
500510,10152, Electronics,,4.0,2025-12-11T05:58
500762,10176,BEAUTY,0.0,3.0,2025-12-22T14:59
500022,10173,books ,11.000187898095758,1.0,2025-12-05T18:01
500483,10154,clothing,21.926127989491793,2.0,2025-10-25T04:50
500771,10155, Clothing,26.932830497965938,4.0,2025-10-04T22:38
500406,10154, food,19.256156865996218,1.0,2025-11-06T23:28
500788,10009, sports ,,1.0,2025-10-12T12:35
500682,10060,SPORTS,15.62651198890051,1.0,2025-11-10T01:14
500479,10085,food,31.61061249031843,4.0,2025-11-05T18:41
500591,10102,clothing,19.18795228230119,2.0,2025-10-27T19:31
500492,10102, Beauty,19.51863770990072,1.0,2025-10-14T15:23
500047,10135, Clothing,53.07261630957029,4.0,2025-11-23T02:40
500365,10140,BEAUTY,20.193466749823674,5.0,2025-11-27T13:23
500297,10077,Books,93.98715153643128,2.0,2025-10-11T14:03
500050,10089,BEAUTY,,5.0,2025-12-03T19:51
500488,10098, Sports,22.15876995815034,2.0,2025-12-11T06:02
500225,10049,clothing,13.834618462698634,1.0,2025-11-06T19:18
500220,10057,Books,19.34041582361386,0.0,2025-11-30T11:04
500751,10081,BOOKS ,30.134853662719234,3.0,2025-10-04T13:00
500789,10023, BOOKS,17.14312647490297,,2025-10-25T21:01
500648,10195,clothing ,15.298355808734216,4.0,2025-12-11T23:00
500202,10027, electronics,23.046402900116284,1.0,2025-11-24T15:05
500563,10115,Sports,55.30134692271226,5.0,2025-11-04T08:23
500623,10158,sports,19.398134143165578,2.0,2025-12-19T17:10
500793,10058,BOOKS ,18.974858467602683,4.0,2025-10-30T23:26
500064,10013, BOOKS ,33.06165423587699,1.0,2025-12-22T21:26
500605,10147,Electronics ,20.545331510096272,2.0,2025-11-19T04:40
500246,10047,Books,20.209888946091496,5.0,2025-12-11T05:58
500443,10131,Food,10.173486656019874,5.0,2025-11-12T03:13
500702,10107,clothing,32.8385966953547,4.0,2025-10-24T06:27
500575,10126, FOOD ,,1.0,2025-12-26T16:31
500001,10160,ELECTRONICS,28.246986670707056,5.0,2025-10-25T01:16
500540,10172,Clothing ,22.778283077694073,1.0,2025-11-23T02:31
500690,10078,BEAUTY,66.3965887224782,4.0,2025-11-10T16:45
500188,10198,SPORTS ,16.64224763333132,5.0,2025-10-13T20:30
500407,10183,sports,8.674230068908209,5.0,2025-11-03T13:04
500149,10101,sports,8.313416260558219,4.0,2025-12-23T04:15
500027,10108,Books ,30.6534694040168,4.0,2025-10-03T04:31
500462,10064,BEAUTY ,53.151933206169474,2.0,2025-10-21T08:01
500671,10174, beauty,45.83026253147918,1.0,2025-11-22T14:26
500656,10192,FOOD ,27.984117036709637,5.0,2025-12-13T10:54
500060,10010, BEAUTY,32.00651036544459,3.0,2025-10-05T08:07
500327,10047,FOOD,41.799455792364796,4.0,2025-12-03T17:21
500425,10073, Electronics ,13.612451860376833,3.0,2025-10-11T03:15
500478,10093,ELECTRONICS,17.01764877668242,5.0,2025-12-26T12:11
500044,10167,Books,33.542183374123745,4.0,2025-12-08T04:17
500662,10140,BOOKS,12.531285118898234,1.0,2025-11-01T09:40
500636,10016,BEAUTY ,18.464126239352577,4.0,2025-10-10T18:25
500529,10052, books,18.492645925850685,3.0,2025-12-17T23:21
500484,10049,sports ,,4.0,2025-12-24T00:03
500219,10065, BOOKS ,17.88752591818799,5.0,2025-12-20T19:17
500795,10079,BOOKS,,1.0,2025-12-04T11:19
500737,10104,clothing ,39.37561206151747,3.0,2025-10-24T18:35
500610,10009,Clothing,13.924300654027704,5.0,2025-10-02T21:37
500486,10113,CLOTHING,30.774612917260175,4.0,2025-11-03T07:01
500126,10019,Clothing ,17.044557885490434,,2025-12-01T11:41
500724,10174,ELECTRONICS ,0.0,,2025-11-11T06:53
500062,10173,CLOTHING,,1.0,2025-11-12T11:21
500082,20006, clothing,29.55921699667567,2.0,2025-12-02T19:37
500681,10010,Books,17.135236158434996,1.0,2025-12-11T21:57
500325,10195,FOOD ,8.430302769990256,2.0,2025-10-29T20:36
500386,10159,Sports ,29.216366695836566,4.0,2025-11-17T06:22
500794,10040,Food,9.576370252364903,3.0,2025-12-07T01:42
500057,10146, sports ,19.35343762863458,5.0,2025-12-05T04:28
500020,10025, BOOKS,3.3484798928739825,3.0,2025-12-24T09:18
500764,10045,Food,19.89995643034039,1.0,2025-12-16T16:26
500087,10113,Books,9.031446533628925,2.0,2025-10-16T16:26
500650,10045,BOOKS,21.043344743134387,1.0,2025-12-18T08:55
500317,10060, books,13.059289853269076,3.0,2025-12-03T04:12
500035,10096,SPORTS,18.190154833788124,2.0,2025-11-10T09:14
500139,10149,Food,,2.0,2025-12-23T16:15
500589,10124, Books ,10.085714564820707,3.0,2025-12-09T11:06
500499,10191,electronics,56.50540497630101,4.0,2025-11-06T02:20
500539,10109,CLOTHING,,4.0,2025-12-22T17:15
500556,10069,FOOD ,7.884900742311911,4.0,2025-11-13T11:45
500097,10019,FOOD ,5.356390695164326,4.0,2025-10-31T08:39
500084,10195,clothing ,10.056214190580768,5.0,2025-12-05T02:52
500447,10147,FOOD,22.60705330033893,3.0,2025-11-30T14:49
500475,10140,books,34.54612588221283,2.0,2025-11-06T07:54
500367,10039, Clothing,12.30359207762615,4.0,2025-11-16T13:33
500698,10078,ELECTRONICS ,8.754133105811102,3.0,2025-11-09T20:48
500586,10042,Electronics,13.156096648482956,4.0,2025-11-17T21:57
500746,10110,ELECTRONICS ,,3.0,2025-10-05T05:46
500402,10011,FOOD,48.97514346541899,5.0,2025-10-31T12:45
500393,10147, Electronics,30.29469861460156,5.0,2025-11-11T02:28
500747,20007,electronics,18.910072146347108,3.0,2025-12-07T10:45
500272,10029, Sports,10.012433918014546,5.0,2025-11-11T09:23
500507,10001,CLOTHING ,15.613397713929771,3.0,2025-11-10T02:03
500798,10068, FOOD,10.049376960947843,,2025-11-29T16:46
500435,10025,Food ,18.968719813963236,5.0,2025-11-28T10:46
500649,10152, Electronics,9.01025116037263,1.0,2025-10-13T02:20
500562,10157, CLOTHING ,19.722176259225943,,2025-10-12T04:55
500208,10155,ELECTRONICS,9.062914881589611,1.0,2025-10-04T11:48
500320,10166,FOOD ,36.39593311317666,2.0,2025-11-12T16:49
500783,10037,Clothing,,3.0,2025-12-10T17:27
500133,10038,clothing,10.2073898977336,5.0,2025-10-28T03:33
500051,10089, Sports ,13.715388711674985,3.0,2025-11-19T14:40
500239,10099,Electronics ,31.665786645133558,5.0,2025-12-29T16:37
500565,10066,sports,11.311652517125768,2.0,2025-12-28T23:24
500593,10099,ELECTRONICS,6.987437136518527,2.0,2025-11-15T22:44
500451,10035,books ,22.723402771969948,2.0,2025-12-10T22:04
500032,10078,Electronics ,37.17212970274041,0.0,2025-11-22T01:39
500122,10128,SPORTS,17.16121481343546,1.0,2025-10-25T16:01
500212,10050,Books ,33.416302154947466,2.0,2025-12-23T22:34
500352,10170, ELECTRONICS ,25.219146802507932,1.0,2025-12-22T07:32
500455,10051,Books ,47.07198772691645,2.0,2025-10-22T10:55
500303,10133,Food,11.318860975609375,1.0,2025-12-26T09:07
500709,10124,Electronics,29.20108294918773,3.0,2025-12-19T17:40
500089,10186, BEAUTY,23.903623420494036,1.0,2025-10-11T02:13
500326,10083,CLOTHING,28.21941861071928,4.0,2025-12-28T09:28
500324,10028, SPORTS,42.899831930829755,2.0,2025-12-29T00:09
500256,10194,Sports,39.70582527552871,4.0,2025-10-26T03:33
500571,10120,FOOD,20.877694821729477,3.0,2025-10-09T10:17
500546,10165,clothing,16.873124595745992,5.0,2025-11-11T08:18
500551,10105, SPORTS,46.8382559806695,4.0,2025-12-25T17:28
500360,10082, Food,11.120310349470977,1.0,2025-12-12T18:39
500052,10008,Beauty ,16.74742514313517,2.0,2025-10-29T01:38
500773,10167,Books,9.723320906725895,2.0,2025-10-24T18:42
500103,10008,books,,2.0,2025-12-14T20:39
500196,10037,Beauty,20.529568966190197,1.0,2025-11-07T07:09
500680,10142,BOOKS ,13.047959754283065,4.0,2025-12-23T20:35
500629,10176,Food ,20.87037178593453,3.0,2025-10-18T18:08
500125,10072,beauty,13.031411746464054,1.0,2025-10-11T05:24
500405,10179,Beauty ,25.86447600311022,1.0,2025-11-04T00:54
500731,10195, Clothing ,10.096809234542704,3.0,2025-12-16T10:02
500288,10118,clothing ,27.718234282177168,2.0,2025-11-15T02:32
500048,10180, sports,47.653967187751405,5.0,2025-10-12T18:51
500726,10099,Beauty,41.03046431941373,2.0,2025-10-05T00:02
500588,10150,beauty,49.033039517370646,3.0,2025-10-08T00:54
500608,10125,Clothing ,32.19445397694095,5.0,2025-11-03T00:16
500434,10019,CLOTHING,62.4544883859028,4.0,2025-12-24T03:02
500675,10024, Books,6.778342326113018,3.0,2025-10-24T00:41
500264,10084,BOOKS ,59.63493989738446,1.0,2025-10-17T14:14
500361,10163,BEAUTY ,40.976959788238354,3.0,2025-12-10T05:11
500076,10059,FOOD ,14.69578804476812,4.0,2025-10-27T14:19
500467,10118, BOOKS,24.272614815416496,2.0,2025-11-09T20:07
500300,10085,Food,23.786014327409003,4.0,2025-12-03T12:48
500535,10132, Clothing,22.90518509386031,3.0,2025-12-17T05:37
500585,10031,sports,9.53076424000224,5.0,2025-10-19T08:11
500494,10125,beauty,14.48924897818501,5.0,2025-11-26T10:14
500528,10060, Clothing ,25.7409723132814,2.0,2025-11-10T11:42
500169,10072,BOOKS ,17.767737950337516,1.0,2025-11-29T03:53
